"Position","Fish Name","Description","Habitat","Reproduction and Diet","Image","Image Alt Text","More Info Link"
1,"1. Akya Balığı","Carangida familyasının bir üyesi olan akya balığı, boyutları ve zevkli avcılığı ile olta balıkçılarının avlanırken en çok heyecanlandığı deniz balıklarından biridir. Akya olarak bilinen bu tür, aynı zamanda liça balığı olarak da adlandırılır.","Maksimum yetişkin boyutları, 200 cm uzunluk ve 50 kg ağırlıktır. Ancak, genellikle Ege denizinde bulunanların 120 cm civarına kadar büyüdükleri görülmüştür.","Üreme dönemleri olan Mayıs ve Ağustos arasında yumurtlamak için gittikleri nehir birleşimlerinde kefaller ve sardalyaları yiyerek güç toplarlar. Ana besinleri kefal yavrularıdır.","https://cdn.balikturleri.com/wp-content/uploads/2022/12/Ege-baliklari-Akya-baligi.jpg","Ege balıkları: akya balığı","https://balikturleri.com/akya-baligi-lica/"
2,"2. Yaygın Aslan Balığı (Şeytan Ateş Balığı)","Hint-Pasifik bölgesine özgü bir aslan balığı varyantı olan bu tür, bilimsel olarak Pterois miles olarak adlandırılmıştır. Benzerlikleri dolayısıyla kırmızı aslan balığı ile karışıtırılırlar.","Hint-Pasifik bölgesinin yanı sıra ülkemiz sularından Ege denizinde de yaşadıkları biliniyor. Genel aslan balığı çeşitleri gibi bu tür de zehirli bir türdür.","Sırtında toplamda 13 adet diken bulunur. Renkleri kırmızı, gri veya ten rengi tonlarındadır. Geceleri avlandıklarından gündüzleri pek aktif bir tür değillerdir. Küçük kabuklular ve balıklar ile beslenirler.","https://cdn.balikturleri.com/wp-content/uploads/2022/12/Yaygin-aslan-baligi-Seytan-ates-baligi-Pterois-miles.jpg","Yaygın aslan balığı - Şeytan ateş balığı (Pterois miles)",
3,"3. Barbunya (Barbun)","Gerçek adı Barbunya balığı olsa da halk arasında Barbun adı ile bilinir. Mullidae familyasından olan bu türe Mullus barbatus bilimsel adı verilmiştir.","Ege denizi gibi sıcak ve ılıman suların kıyıya yakın kumlu ve çamurlu bölgelerinde yaşarlar. Nadiren de olsa kayalık alanlarda görülmektedirler. Tekir balığına benzerlikleri ile bilinirler. Aradaki farkı anlamak için burun, göz altı ve sırt yüzgecine bakılmalıdır.","Maksimum boyutları 40 cm’dir ancak, Ege Denizi bölgesindekiler genellikle 18-20 cm civarında olurlar. Ege balıkları arasında ticari öneme sahip, eti lezzetli balıklardandır.","https://cdn.balikturleri.com/wp-content/uploads/2022/12/Barbunya-Barbun-Mullus-barbatus-Ege-denizi-balik-turleri.jpg","Ege denizi balık türlerinden Barbunya balığı - Barbun (Mullus barbatus)","https://balikturleri.com/zuber-baligi/"
4,"4. Çipura","Çipura balığı diğer adıyla Çupra, Ege denizi balık türleri arasında yer alsa da aslında Akdeniz bölgesinde de yaşarlar.","Ilıman sulara sahip bölgelerin, kumlu ve çamurlu bölgelerinde yaşarlar. Zaman zaman nehir ağızları ve lagünlerde bulundukları da olur.","200 gr ve üzeri olanlar Çipura, bunun altında olanlar ise Lidaki olarak isimlendirilir. Kuvvetli bir çeneye sahiptir ve bu sayede kabukluları kolayca yiyebilir.","https://cdn.balikturleri.com/wp-content/uploads/2022/12/Cipura-baligi-Cupra-Sparus-aurata-Ege-denizi-baligi.jpg","Ege denizi Çipura balığı - Çupra (Sparus aurata)",
5,"5. Çitari (Sarpa)","Görüntü olarak Çipura balığına çok benzerdir. Halk arasında Sarpa balığı olarak bilinirler. Yüzeyden 70 metre derinliğe kadar uzanan yaşam alanları vardır.","Maviye çalan gri renkli üst kısımları, gümüş renkli yan kısımları vardır. Maksimum olarak 51 cm uzunluk ölçülmüş olup, genellikle 15-30 cm civarında görülürler.","Ege denizi balık türleri arasında ticari değeri yoktur. Yapılan araştırmalarda tam olarak tespit edilemese de balığın tükettiği bir alg neticesinde, sarpa yiyen insanlarda halüsinojenik balık sarhoşluğu denilen rahatsızlığa sebep olur.","https://cdn.balikturleri.com/wp-content/uploads/2022/12/Citari-baligi-Sarpa-Sarpan-Ege-baliklari.jpg","Ege balıklarından Çitari balığı (salema porgy)","https://balikturleri.com/gumus-baligi-lokum-baligi-akdeniz-lokumu/"
6,"6. Çizgili Hani Balığı (Yazılı Hani)","Hani balığı, Orfoz’un da içinde bulunduğu Serranidae familyasından ve Levreğin içinde bulunduğu Serraninae alt türünden bir balıktır. Bilimsel adı Serranus scriba’dır. Çizgili hani balığı Ege denizi balıkları arasında yer almaktadır ancak hani balıkları genel olarak Akdeniz ve Karadeniz’de yaygındırar.","Ülkemiz denizlerinden Ege Denizi’ne özgü Çizgili hani, 5 ila 150 metre arasında yaşam alanına sahiptir. Gündüzleri kayalıkların oluşturduğu mağaralarda geçirirken, alacakaranlık ve geceleri avlanmak için ortaya çıkar.","Genellikle yalnız yaşadıkları görülse de küçük sürüler halinde yüzdüklerine de rastlanmaktadır. Uzunlukları en fazla 25 cm’ye ulaşır. Kabuklular, kafadanbacaklılar ve küçük balıklar ile beslenir. Ticari değeri olmayan, eti lezzetli Ege balıklarından biridir.","https://cdn.balikturleri.com/wp-content/uploads/2022/12/Cizgili-hani-baligi-Yazili-hani-Serranus-scriba.jpg","Çizgili hani balığı (yazılı hani - Serranus scriba)","https://balikturleri.com/renkli-ve-kucuk-akvaryum-baliklari/"
7,"7. Dikenli Vatoz","Dikenli vatoz, Dasyatidae familyasından bir vatoz balığı türüdür. Akdeniz ve Karadeniz bölgelerimizde de görülen bu tür, daha fazla görülmesi sebebiyle Ege Denizi balık türleri arasında bulunmalıdır.","Çok derin sularda değil, genellikle 60 metre civarı derinlikte ve çamurlu alanlarda yaşarlar. Ana besinleri dipte yaşayan kabuklu türleridir. Ek olarak yumuşakçalar, solucanlar ve küçük balıklarla da beslenir.","Ege denizinde bulunan dikenli vatozlar, genellikle 40-45 cm civarında veya daha küçük boyuttadır. Tırtırlı kuyruk ve iğneleri yüzünden insanlar için tehlikeli balık türleri arasındadır. Ticari değeri yoktur.","https://cdn.balikturleri.com/wp-content/uploads/2022/12/Ege-denizi-dikenli-vatoz-baligi.jpg","Ege denizinde bulunan dikenli vatoz balığı (Dasyatis pastinaca)","https://balikturleri.com/deniz-baliklari-en-tehlikeli-10-deniz-canlisi/"
8,"8. Eşkina","Eşina balığı, Sciaenidae familyasından bir deniz balığı türüdür. Bilimsel adı Sciaena umbra olan bu tür, Akdeniz ve Ege Denizi bölgelerimizde bulunmaktadır. Eşkina balığı amatör avcılık yapanların sıklıkla karşılaştığı bir türdür.","Yavru eşkinalar kıyı şeritlere yakın nehir ağızlarında yaşarken, yetişkinler 5 metre ile 200 metre arasında yaşarlar. Ege balıkları listemize dahil ettiğimiz eşkina, en fazla 60 cm boyuta ulaşabilir ancak, ülkemiz sularında genellikle 30-40 cm civarında görülürler.","Bu balığı sıradışı kılan bir özelliği de vardır. Balığın kafasından, alın bölgesinden 1 cm çapında taş çıkar. Bilimsel olarak kanıtlanmamış olsa da bu taş limon ile eritilerek tüketildiğinde böbrek taşı rahatsızlığına iyi geldiği düşünülür.","https://cdn.balikturleri.com/wp-content/uploads/2022/12/eskina-baligi-ege-denizi-baliklari.jpg","Ege denizi balıklarından Eşkina balığı","https://balikturleri.com/yesil-ruhsat-satanlar-nereden-bulunur/"
9,"9. Horozbina Balığı","Horozbina, Blenniidae familyasından 900 civarı alt türe sahip, hem tuzlu hem de tatlı sularda (küçük bir bölümü) yaşayan alt varyantlara sahip balık türlerinin ortak adıdır.","Horozbina tür adı altında 150 farklı cins ve 900 civarı da varyant tanımlanmıştır. Tatlı su blennysi olarak bilinen bir türü, nadiren de olsa akvaryumlarda beslenmektedir.","Genellikle küçük boyutlara sahip olabilen bu balığın, yılan balığına benzer varyantlarıyla 55 cm boyutuna ulaştığı görülmüştür. İri bir göz ve ağız yapısına sahiptir.","https://cdn.balikturleri.com/wp-content/uploads/2022/12/horozbina-tatli-su-blennysi.jpg","Horozbina balığı","https://balikturleri.com/akvaryum-baliklari/"
10,"10. İskaroz (Papağan Balığı)","Genellikle ılıman ve sıcak sulara sahip denizlerde yaşarlar. Bilimsel adı Sparisoma cretense olan tür Scaridae familyasındandır.","Parlak renklere sahip bir balıktır. Görünüşü itibariyle sazan balığının tropik halini andırır. Papağan isminin verilmesi ağızlarının papağan gagasına benzemesindendir.","Erkekler daha koyu tondaki renklere sahipken dişiler, kırmızı-turuncu tonlarındadır. Zamanlarının çoğu mercan resiflerinde geçer. Burada deniz yosunu ile beslenirler.","https://cdn.balikturleri.com/wp-content/uploads/2022/12/iskaroz-baligi-ege-denizi-baliklari.jpg","İskaroz (Papağan balığı)",
11,"11. İskorpit Balığı","İskorpit, Ege balıkları arasında zehirli türlerden biridir. Yüzgeçlerinde bulunan dikenlere dokunulduğunda kişiyi zehirler ve bölgede kızarıklık, şişlik görülür.","Bu etki 2-3 gün devam eder. Amonyak kullanılarak tedavi edilebilir. Özellikle amatör balıkçılar tarafından kırlangıç balığı ile karıştırılıp yaralanmalara sebep olmaktadır. Tutulduğunda dikenlerine dokunmamaya dikkat edilmelidir.","Kayıt edilmiş maksimum uzunluk 37 cm iken, ülkemiz sularında yetişkin olanları 20-25 cm civarında görülürler. Akdeniz, Karadeniz ve Ege denizi balık türlerinden biridir.","https://cdn.balikturleri.com/wp-content/uploads/2022/12/iskorpit-baligi.jpg","İskorpit balığı - Çarpan","https://balikturleri.com/palyaco-baligi/"
12,"12. İsparoz (İspari Balığı)","Sparidae familyasından olan isparinin bilimsel adı Diplodus annularis’dir. Bu balık genellikle ılıman sahil bölgelerine yakın alanlarda yaşar. Ege balıklarından biridir ve diğer denizlerimizde de bulunur.","Maksimum 25 cm uzunluğa erişebilirler. Ülkemiz sularında 15-18 cm civarında ispariler bulunur. Sportif balıkçılıkta sevilen bir balık türüdür. Genç olanları kışın lagünlere giderek beslenirler. Karides, yavru balıklar ve kurtçuklar ana besinleridir.","Ticari değeri düşüktür ve genellikle olta balıkçılığı ile avlanırlar. Eti lezzetli ve az kılçıklı bir balıktır.","https://cdn.balikturleri.com/wp-content/uploads/2022/12/ispari-isparoz-baligi.jpg","İspari balığı (isparoz)",
13,"13. İzmarit Balığı (İstrongilos)","İzmarit balığı, Ege denizi balık türleri arasında yer alıyor ancak Akdeniz bölgelemizde daha yaygın bulunur. Bilimsel adı Spicara smaris olan izmarit, Sparidae familyasından bir deniz balığı türüdür.","Ilık sulara sahip bölgelerin kayalık, çamurlu dip kısımlarında yaşamaktadır. En fazla 25 cm boyutuna (erkekler) ulaşan bu tür, ülkemizde genellikle 15 cm civarında görülür.","Ülkemiz sularında iki tür izmarit yaşamaktadır; İstargilos ve Menekşe izmarit. Eti lezzetli bir balıktır ve genellikle önce pişirilip sonra ayıklanır.","https://cdn.balikturleri.com/wp-content/uploads/2022/12/izmarit-baligi-istrongilos-akdeniz-ve-ege-denizi-baliklari.jpg","İzmarit balığı akdeniz ve ege denizi balıkları","https://balikturleri.com/tatli-su-baliklari-listesi/"
14,"14. Kalkan Balığı","Kalkan balığı (Scophthalmus maximus), gözleri vücudunun solunda olan, Scophthalmidae familyasından bir deniz balığı türüdür. Vücudunun sağını deniz tabanına yatmak için kullanır.","Ülkemizin tüm denizlerinde yaşayan bir türdür. Yaşam alanları 20 metre ile 70 metre arasındadır. Tipik balık türlerinden farklı olarak yuvarlak bir vücuda sahiptir. Maksimum 1 metre uzunluğa erişebilirler. Ülkemiz denizlerinde ise yetişkinler 60-70 cm civarında görülür.","Henüz yavruyken gözleri sağda ve solda ayrı durmaktadır. 8-10 cm civarına ulaştıklarında sağ göz vücutlarının sol tarafına kaymaya başlar.","https://cdn.balikturleri.com/wp-content/uploads/2022/12/ege-denizi-balik-turleri-kalkan-baligi.jpg","Ege denizi balık türlerinden kalkan balığı",
15,"15. Karagöz Balığı","Karagöz balığının Çipura ile yakın akrabalığı bulunmaktadır. Sarmos, mırmır, sivri gaga gibi birkaç çeşidi vardır.","Maksimum 50 cm boyutuna ulaşabilir. Ülkemizde Akdeniz, Karadeniz ve Ege Denizi bölgelerimizde yaşarlar. Bu bölgelerde yaygın olarak 25 cm civarında görülür. Kayalık, kumlu alanlarda yaşarlar.","Görünüşü ile Çupra balığına benzemesinin yanı sıra lezzet olarak da benzerdir. Serin dönemlerde tüketimesi tavsiye edilir bu dönemlerde eti daha yağlı ve lezzetli olmaktadır.","https://cdn.balikturleri.com/wp-content/uploads/2022/12/karagoz-baligi.jpg","Karagöz balığı",
16,"16. Kolyoz Balığı","Uskumsugillerden olan kolyoz, Scombridae familyasından bir deniz balığıdır. Uskumruya çok benzeyen bir balıktır. Kuyruk yüzgecine bakılarak ayırt edilebilir. Bu türün kuyruk yüzgecinin ucu daha sivridir.","Genç olanlar kıyılara yakın kumlu alanlar ve yosun yataklarında yaşarken, yetişkin olanlar daha açıkta derin sularda yaşar.","Sürüler halinde yaşamlarını sürdürürler. En fazla 50 cm uzunluğa kadar büyüyebilir ancak ülkemiz sularında görülen yetişkinler ortalama 20-25 cm civarındadır. Eti lezzetli ege balıkları arasındadır.","https://cdn.balikturleri.com/wp-content/uploads/2022/12/kolyoz-baligi.jpg","Kolyoz balığı",
17,"17. Kırma Mercan","Kırma mercan balığı (Pagellus erythrinus) çipura ailesinden, Sparidae familyası mensubu, Akdeniz ve Ege balıklarından biridir. Özellikle Akdeniz ülkelerinde bolca tüketilen lezzetli bir balık türüdür.","İnce, oval yapıda bir vücuda sahip olan kırma mercan en fazla 50 cm boyutuna ulaşabilir. Genel olarak 15-30 cm arasında görülürler. Bu tür bir hermafrodittir; sonradan cinsiyet değiştirebilirler.","Genellikle hayatlarının ilk yıllarında dişi, sonraki yıllarında ise erkek olurlar. Hepçil bir balıktır ve ana besinleri küçük balıklar ve omurgasızlardan oluşur. Akdeniz ülkelerinde ticari değere sahip, lezzetli bir balıktır.","https://cdn.balikturleri.com/wp-content/uploads/2022/12/ege-baliklarindan-kirma-mercan-baligi.jpg","Ege balıklarından kırma mercan balığı",
18,"18. Lahoz Balığı (Grida Balığı)","Lahoz balığı Hani balıkları ailesinden, Ege ve Akdeniz bölgelerinde bulunan bir türdür. Bu tür iri ege balıkları arasındadır. En fazla 125 cm uzunluk ve 25 kg ağırlığa ulaşabilirler.","Yaşam alanları 20-250 metre arasında kayalık, çakıllı ve taşlı alanlardır. Son derece yırtıcı etçil balıklardan biridir. Yiyebileceği her türlü balık, omurgasız ve kabuklu türleri ile beslenir.","Orfoz balığı ile yakından akrabadır ve ticari değeri bulunduğu bölgeye göre değişir. Özellikle Akdeniz bölgesinde etinin lezzetli ile bilinir.","https://cdn.balikturleri.com/wp-content/uploads/2022/12/Lahoz-baligi.jpg","Lahoz balığı","https://balikturleri.com/kolombiya-tetra/"
19,"19. Levrek","Birçoğumuzun da yakından tanıdığı Levrek balığı, Dicentrarchus familyasından bir balık türüdür. Bilimsel olarak ilk kez 1758 yılında Dicentrarchus labrax olarak tanımlanmıştır.","Şimdiye kadar kayıt altına alınan en büyük boyutları 1m ve 12 kg olsa da yaygın olarak 50 cm ve 5 kg civarında görülürler. Akdeniz ve Ege başta olmak üzere tüm denizlerimizde yaşadıkları biliniyor.","Haliçler, lagünler, akarsuların denize döküldüğü yerler ana yaşam alanlarıdır. Kısa bir süreliğine tatlı sulara geçtikleri de bilinmektedir (tatlı su levreklerinin dışında).","https://cdn.balikturleri.com/wp-content/uploads/2022/12/Levrek-baligi.jpg","Levrek balığı","https://balikturleri.com/deniz-baliklari-en-tehlikeli-10-deniz-canlisi/"
20,"20. Lipsoz Balığı","Lipsoz balığı, görünümü ile iskorpit balığına benzeyen Scorpaenidae familyasından bir balık türüdür. Lipsos ismiyle de bilinen bu türün bilimsel adı Scorpaena scrofa’dır.","Ülkemiz sularında Akdeniz ve Ege Denizi türlerinden biridir, Karadeniz bölgesinde bulunmaz. S. porcus türü Karadeniz bölgesinde görülebilir. İskorpit balığı gibi bu balık da zehirli balıklardan biridir.","Vücut rengi kiremit rengi tonlarından, pembemsi tonlara kadar değişebilir. En fazla 50 cm ve 3 kg ağırlığa ulaştığı biliniyor ancak, sularımızdaki yetişkin lipsoz balıkları genellikle 25-30 cm civarındadır.","https://cdn.balikturleri.com/wp-content/uploads/2022/12/Lipsoz-baligi.jpg","Ege denizi lipsoz balığı",
21,"21. Lüfer Balığı","Lüfer,  Pomatomidae familyasından bir balık türüdür. Ege balıkları arasında ekonomik değeri yüksek ve çok lezzetli bir balıktır. Bilimsel adı Pomatomus saltatrix olan lüfer, ülkemizin tüm denizlerinde bulunmaktadır.","Maksimum ölçülen boyutları 120 cm ve 14 kg’dır. Bölgemizde yaşayan yetişkin lüferler 30-60 cm arasında bulunurlar. Lüfer, gevşek ve küçük gruplar halinde yaşayan yırtıcı deniz balıklarından balıklardan biridir.","Lüfer çeşitli boyutlara göre farklı isimler almıştır:","https://cdn.balikturleri.com/wp-content/uploads/2022/12/Lufer-baligi-ege-denizi-balik-turleri.jpg","Ege denizi balık türleri, Lüfer balığı",
22,"22. Mahmuzlu Camgöz Köpek Balığı","Mahmuzlu camgöz Squalidae familyasından, Akdeniz ve Ege Denizi başta olmak üzere ülkemiz sularında bulunmaktadır. Ülkemizde tüketilmese de Avrupa ülkelerinde tüketildiği bilinmektedir.","Ana besinleri balık sürüleri ve ahtapotlar olan bu türün, profesyonel balıkçıların ağlarına ciddi hasar verdiği biliniyor. Nadiren de olsa dip balıklarını avlayan amatör balıkçıların oltasına takıldığı görülmektedir.","En fazla 150 cm ve 10 kg boyutlarına eriştikleri tespit edilmiştir ancak, genellikle 80 cm ve 4 kg civarlarına ulaşırlar. Ticari değeri yoktur.","https://cdn.balikturleri.com/wp-content/uploads/2022/12/mahmuzlu-camgoz-kopek-baligi.jpg","Mahmuzlu camgöz köpek balığı","https://balikturleri.com/fil-kulakli-ahtapot-nedir/"
23,"23. Mandagöz Mercan Balığı","Kırmızı (kızıl) çipura olarak da bilinen mandagöz mercan (Pagellus bogaraveo) Sparidae familyasından bir deniz balığıdır.","Akdeniz başta olmak üzere ılıman ve sıcak denizleri tercih eden bir türdür, ılıman ısısıyla Ege balıklarından da biridir. Bulunduğu bölgeye göre en fazla 400 ila 700 metre derine inebilen bir balıktır.","Kaydedilen en büyük uzunluk 70 cm, yaygın olarak da 30 cm ve 4 kg’dır. Eti lezzetli, ızgarada pişilmesi tercih edilen bir mercan varyantıdır.","https://cdn.balikturleri.com/wp-content/uploads/2022/12/mandagoz-mercan-baligi.jpg","Mandagöz mercan balığı",
24,"24. Melanur Balığı (Melanurya)","Melanur diğer adıyla Melanurya, Sparidae familyasından bir deniz türüdür. Ülkemizde Akdeniz, Marmara ve Ege bölgerinde bulunur. Bilimsel adı Oblada melanura olan melanur, Ege denizi balık türleri arasında yer alıyor.","Çok iri boyutlara ulaşabilen bir tür değildir. Kaydedilen maksimum boyutları, 38 cm ve 930 gr’dır. Ülkemiz sularında yaygın olarak 20 cm civarında görülürler. Hepçil olan türün ana besini omurgasızlardır.","Eti lezzetli türlerden biri olan melanurun ticari değeri orta seviyelerdedir.","https://cdn.balikturleri.com/wp-content/uploads/2022/12/Ege-denizi-baliklari-Melanur-baligi.jpg","Ege denizi balıkları, Melanur balığı",
25,"26. Mürekkepbalığı","Mürekkepbalığı Cephalopoda (Kafadanbacaklılar) sınıfından, deniz türleri arasında olan bir yumuşakça türüdür. İkisi diğerlerinden daha uzun olan toplam 10 adet kolları vardır ve iç bölgelerinde çok sayıda vantuz bulunur.","Ege denizi balıkları arasında yer alan mürekkepbalığı, sıcak sularda yaşayan bir türdür. Bu türün boyutları çok değişkendir. Cinse göre 20 cm ile 17 metre arasında değişen çeşitleri vardır. Yaygın olarak yetişkin olanları 50-60 cm arasındadır.","Ticari değeri olan, eti lezzetli bir yumuşakça türüdür.","https://cdn.balikturleri.com/wp-content/uploads/2022/12/Murekkepbaligi-ege-denizinde-bulunur-mu.jpg","Mürekkepbalığı Ege denizinde bulunur mu?","https://balikturleri.com/taklitci-ahtapot/"
26,"27. Mırmır Balığı","Sparidae familyasından olan mırmır balığı, ekonomik değeri yüksek lezzetli balık türlerinden biridir. Denizin diplerinde ve kumlu kısımlarda yaşayan mırmır balığı sıklıkla avlanan Ege balıkları arasındadır.","Ülkemizde Ege, Akdeniz ve Marmara bölgelerinde bolca bulunurlar. Ana besinlerini kabuklular, solucanlar ve yumuşakçalar oluşturur.","En fazla 55 cm ve 1 kg ağırlığa ulaşmaktadırlar ancak, yaygın boyutları 30 cm civarındadır. Ticari değeri yüksek Ege denizi balık türlerinden biridir.","https://cdn.balikturleri.com/wp-content/uploads/2022/12/Mirmir-baligi.jpg","Mırmır balığı","https://balikturleri.com/cochu-mavi-tetra/"
27,"28. Orfoz Balığı","Serranidae familyasından Orfoz, Taş hanisi adıyla da bilinir. Bilimsel adı Epinephelus marginatus’dur. Orfozlar hermafrodit (çift cinsiyetli) deniz balıkları arasındadır.","Orfoz balığı neslinin tükenmesiyle karşı karşıya olduğu için avlanması yasak türlerdendir. Ülkemizde Akdeniz ve Ege denizlerinin güney kısımlarında yaşarlar.","En fazla 140 cm ve 60 kg boyutlarına ulaşabilirler. Boyutları ile iri ege balıklarından biridir. Ülkemiz denizlerinde yaygın görülen boyutları ortalama 60 cm ve 15 kg’dır.","https://cdn.balikturleri.com/wp-content/uploads/2022/12/Orfoz-baligi.jpg","Orfoz balığı","https://balikturleri.com/deniz-baliklari/"
28,"29. Orkinos (Ton Balığı)","Çoğumuzun marketlerde konserve içerinde gördüğü Orkinos, Uskumrugiller (Scombridae) ailesinin üyesidir. Kendi aralarında farklı türlere sahip olan, Orkinos ortak adı verilen bu balık denizlerdeki en iri balıklardan biridir.","Ege denizi balıkları arasında en büyük türlerden biridir. Yetişkin bir ton balığı, 6 metre uzunluğa ve 1 ton ağırlığa ulaşmaktadır. Ancak, bu boyutlarda Orkinos bulma ihtimali çok düşüktür genellikle 3-4 metre ve 400-600 kg arasında avlanırlar.","Ekonomik değeri çok yüksek ve son deree lezzetli balıklardandır.","https://cdn.balikturleri.com/wp-content/uploads/2022/12/Orkinos-baligi-Ton-baligi.jpg","Orkinos (Ton balığı) Ege denizi",
29,"30. Pisi Balığı","Pisi balığı kalkan ile karıştırılabilir ancak resimlerine bakıldığında kolayca ayırt edilebilir. Pleuronectidae familyasından olan pisi balığının vücudu kalkana göre daha elips şeklindedir ve kalkanın sırtında olan düğme diye tabir edilen kemikli yapılar yoktur.","Yine pisi balığının gözleri de vücudun sağ tarafındadır. En fazla 60 cm boyut ölçülmüştür ancak, yaygın boyutları 30 cm civarındadır.","Ülkemizde Akdeniz, Ege, Karadeniz ve Marmara bölgelerimizde bulunur.","https://cdn.balikturleri.com/wp-content/uploads/2022/12/Pisi-baligi-Ege-baliklari.jpg","Ege balıklarından pisi balığı","https://balikturleri.com/ates-baligi-naylon-baligi/"
30,"31. Sardalya Balığı","Saldalya hamsi ile yakından akraba, Clupeinae familyasından bir balık türüdür. Sürüler halinde kıyıya yakın geçerek göç ederek yaşamlarını sürdürürler.","Akdeniz ve Karadeniz’de daha yaygın görülen sardalya, Ege denizi balık türleri arasında da yer almaktadır. Denizlerimizde 15-20 cm boyutlara ulaşırlar ancak okyanus bölgelerindeki sardalyalar 30 cm uzunluğa kadar büyümektedir.","Ticari değeri çok yüksek, lezzetli balık türlerindendir.","https://cdn.balikturleri.com/wp-content/uploads/2022/12/Sardalya-baligi.jpg","Sardalya balığı",
31,"32. Sargan Balığı (Zargana)","Tipik balık görünümünün dışında uzun ve ince bir vücuda sahip sargan (Belone belone), Belonidae familyasının üyesidir. Vücut yapıları sayesinde hızlı ve çevik deniz balıklarındandır.","Yaşadıkları bölgeye göre 1 metre uzunluğa erişmektedirler ancak Akdeniz ve Ege denizlerimizde 60 cm civarına kadar büyümektedirler.","Ana besinleri küçük balıklardır ve hamsi, çaça gibi balık türleri ile beslenir. Ticari değeri yüksek, lezzetli Akdeniz ve Ege balıkları arasındadır.","https://cdn.balikturleri.com/wp-content/uploads/2022/12/Zargana-Sargan-baligi.jpg","Sargan balığı (Zargana)",
32,"33. Sargoz Balığı","Sargoz, Akdeniz ve Ege bölgelerinde sıklıkla Karagöz ile karıştırılır. Diplodus sargus bilimsel adı verilmiştir ve Sparidae ailesinden bir deniz balığı türüdür.","Bu balık bölgeye göre farklı isimler almıştır. Baltabaş, Sargos ve Ak Karagöz olarak da bilinirler. Ülkemizde Akdeniz ve Ege bölgelerimizde yaygındır.","Güçlü çeneye sahiptirler ana besinleri; kabuklular, yumuşakçalar ve deniz yosunları. Ekonomik değeri yüksek, lezzetli bir balıktır.","https://cdn.balikturleri.com/wp-content/uploads/2022/12/Sargoz-baligi.jpg","Sargoz balığı",
33,"34. Sinarit Balığı","Sparidae familyasından olan Sinarit’in bilimsel adı Dentex dentex’dir. Akdeniz’de yaygındır ancak Karadeniz, Marmara ve Ege balıkları arasında da yer alırlar.","Taşlı ve kumlu bölgelerde 200 metre derinliğe kadar yaşarlar. Ana besinleri kafadanbacaklılar ve yumuşakçalardır. Genellikle yalnız yaşarlar ancak üreme dönemlerinde küçük sürüler halinde görülmektedirler.","1 metre uzunluğa, 20 kg ağırlığa ulaşırlar. Olta avcılığı son derece zevkli, eti lezzetli ama az bulunan bir balıktır.","https://cdn.balikturleri.com/wp-content/uploads/2022/12/Sinarit-baligi.jpg","Sinarit balığı",
34,"35. Tekir Balığı","Bilimsel adı Mullus surmuletus olan Tekir, Mullidae familyasından bir deniz balığıdır. Akdeniz, Karadeniz ve Ege denizi balık türleri arasındadır.","5 metrelik sığ sulardan 400 metre derinlikteki sulara kadar uzanan yaşam alanları vardır. Kaydedilmiş en büyük boyutları 40 cm ve 1 kg’dır ancak sularımızda yaygın olarak 25 cm civarında görülürler. Ticari değeri olan bir balıktır ve av balığı olarak da kullanılmaktadır.",,"https://cdn.balikturleri.com/wp-content/uploads/2022/12/Tekir-baligi.jpg","Tekir balığı ege balıkları","https://balikturleri.com/kayis-baligi/"
35,"36. Trakonya Balığı","Trakonya balığı halk arasında dragon balığı olarak da bilinmektedir. Trachinidae ailesinden olan balığın bilimsel adı Trachinus draco’dur.","Vücudunda zehirli dikenlere sahiptir ve dokunulduğunda toksik bir madde salgılar. Zehirli Ege balıkları arasındadır. Zehri kuvvetlidir, uzuv kaybı veya kalp krizine neden olabilmektedir.","1 metre ile 150 metre arasında kumlu, çakıllı alanlarda yaşamaktadır. Küçük balıklar, omurgasızlar ve kabuklular ana besinleridir. En fazla 55 cm boyuta ulaşabilirler ve genellikle 25 cm civarında görülürler. Ticari değer yoktur.","https://cdn.balikturleri.com/wp-content/uploads/2022/12/Trakonya-baligi-Ege-denizi-turleri-zehirli-balik.jpg","Trakonya balığı",
36,"37. Trança","Ege balıkları arasında meşhurlaşmış türlerden biridir. Bölgede Çavuş, Antenli mercan, Altınkaş isimleri ile de bilinir. Bilimsel adı Pagrus caeruleostictus’dur ve mercan familyasından bir türdür.","Sığ ve sıcak sularda tek olarak yaşayan iri bir balıktır. Etçil bir balıktır ve kafadanbacaklılar, küçük balıklar ana besinleridir. Okyanuslara ve farklı denizlere sürekli göç eden balıklardandır.","Yetişkin boyutları 60-75 cm civarındadır ancak 1 metre üzerine de çıkabilmektedir. Ekonomik değeri yüksek, lezzetli bir balıktır.","https://cdn.balikturleri.com/wp-content/uploads/2022/12/Tranca-baligi.jpg","Trança balığı",
37,"38. Zurna Balığı","Zurna balığı (Scomberesox saurus), Scomberesocidae familyasından bir deniz balığıdır. Açık denizlerde yaşayan bu tür, Süveyş kanalının açılmasından sonra Akdeniz ve Ege denizlerinde görülmüştür.","En fazla 50 cm, ortamala 35 cm boyutlarındadır. Balık yavruları ve plankton ile beslenir. Avlanmadıkları için herhangi bir ticari değeri yoktur.",,"https://cdn.balikturleri.com/wp-content/uploads/2022/12/Zurna-baligi.jpg","Zurna balığı",
